Sl. No.,State/UT,National Highways - Cases,National Highways - Injured,National Highways - Died,State Highways - Cases,State Highways - Injured,State Highways - Died,Expressways - Cases,Expressways - Injured,Expressways - Died,Other Roads - Cases,Other Roads - Injured,Other Roads - Died,Total - Cases,Total - Injured,Total - Died,Accident Share (%),Injury Rate (%),Fatality Rate (%)
1,Andhra Pradesh,8276,8507,3806,4499,4595,1887,0,0,0,7174,7307,2444,19949,20409,8137,3.7361945840255157,102.30587999398466,40.789011980550406
2,Arunachal Pradesh,146,150,75,23,16,17,0,0,0,64,52,44,233,218,136,0.04363794366023085,93.56223175965665,58.36909871244635
3,Assam,3427,2770,1564,1750,1454,707,0,0,0,2244,1693,1025,7421,5917,3296,1.3898591412127603,79.73318959708934,44.41449939361272
4,Bihar,4925,2925,4056,2264,1409,1805,0,0,0,3825,2205,3012,11014,6539,8873,2.0627824526771787,59.3698928636281,80.56110404939169
5,Chhattisgarh,4024,3494,1921,2083,1855,1066,0,0,0,7362,6375,3179,13469,11724,6166,2.5225728032602976,87.04432400326677,45.77919667384364
6,Goa,1152,362,102,399,191,49,0,0,0,1296,627,141,2847,1180,292,0.533206976826941,41.4471373375483,10.256410256410255
7,Gujarat,3477,2953,2139,4005,4168,2267,102,94,55,8765,8168,3393,16349,15383,7854,3.0619602613781725,94.09138173588599,48.039635451709586
8,Haryana,3557,2724,1903,1829,1498,923,189,160,138,5508,4284,2437,11083,8666,5401,2.075705277194586,78.19182531805467,48.73229270053235
9,Himachal Pradesh,1069,1544,358,409,546,136,0,0,0,777,1211,391,2255,3301,885,0.4223328882138222,146.38580931263857,39.24611973392461
10,Jharkhand,1994,1212,1672,1085,690,858,0,0,0,2237,1684,1643,5316,3586,4173,0.9956193497759107,67.45673438675695,78.49887133182844
11,Karnataka,13756,16856,4230,10979,14434,3449,521,540,188,18183,20717,4455,43439,52547,12322,8.135573539299433,120.96733350215246,28.36621469186675
12,Kerala,9713,11906,1012,11542,13777,1064,27,25,0,24699,28618,2004,45981,54326,4080,8.611657886013196,118.14880059154869,8.873230247276048
13,Madhya Pradesh,13945,13843,4184,11531,12472,3164,0,0,0,29287,28384,6750,54763,54699,14098,10.25641505864902,99.88313277212717,25.74365903986268
14,Maharashtra,9027,7961,5104,6653,5753,3616,193,127,153,15474,14371,6561,31347,28212,15434,5.870895364451744,89.9990429706192,49.23597154432641
15,Manipur,272,464,52,55,68,9,0,0,0,71,104,12,398,636,73,0.07454035011490076,159.79899497487438,18.341708542713565
16,Meghalaya,125,119,80,35,38,33,0,0,0,72,102,55,232,259,168,0.04345065634838437,111.63793103448276,72.41379310344827
17,Mizoram,31,36,28,9,17,9,0,0,0,7,0,12,47,53,49,0.008802503656784763,112.7659574468085,104.25531914893618
18,Nagaland,22,18,27,10,27,7,0,0,0,3,1,3,35,46,37,0.006555055914626952,131.42857142857142,105.71428571428572
19,Odisha,4446,3749,2093,2291,2114,1118,206,152,116,5046,4352,2410,11989,10367,5737,2.2453875817275004,86.4709316873801,47.85219784802736
20,Punjab,2264,1311,1896,1545,898,1208,0,0,0,2467,1096,1802,6276,3305,4906,1.1754151691485357,52.66093052899936,78.17080943275973
21,Rajasthan,7148,7033,4110,4380,4181,2304,70,57,46,13263,11997,5472,24861,23268,11932,4.656149859815447,93.59237359720044,47.994851373637424
22,Sikkim,63,147,19,65,166,30,0,0,0,46,63,19,174,376,68,0.03258799226128827,216.09195402298852,39.08045977011494
23,Tamil Nadu,20582,23575,6258,23166,24420,6325,0,0,0,23465,24297,5764,67213,72292,18347,12.588142091137753,107.55657387707735,27.29680270185827
24,Telangana,8088,7108,3053,1860,1705,717,15,8,5,12940,12201,3885,22903,21022,7660,4.2894413032200305,91.78710212635899,33.44540016591713
25,Tripura,255,254,129,209,223,85,0,0,0,113,132,47,577,609,261,0.10806477893542148,105.54592720970537,45.233968804159446
26,Uttar Pradesh,10990,7115,7041,9685,5764,6018,2133,1553,1609,14956,9411,9279,37764,23843,23947,7.072718044570634,63.13684990996716,63.41224446562864
27,Uttarakhand,817,698,513,303,309,233,0,0,0,571,481,308,1691,1488,1054,0.31670284433240503,87.9952690715553,62.32998225901834
28,West Bengal,3457,2822,1932,2384,1963,1239,161,42,53,4398,3288,2479,10400,8115,5703,1.947788043203437,78.02884615384616,54.83653846153847
29,Andaman and Nicobar Islands,7,2,7,6,1,6,0,0,0,12,8,14,25,11,27,0.0046821827961621085,44.0,108.0
30,Chandigarh,11,5,4,0,0,0,0,0,0,171,166,63,182,171,67,0.03408629075606015,93.95604395604396,36.81318681318682
31,Dadra and Nagar Haveli and Daman and Diu,4,5,3,83,63,40,0,0,0,96,148,38,183,216,81,0.03427357806790664,118.0327868852459,44.26229508196721
32,Delhi,712,633,231,364,272,105,13,4,9,4626,3971,1112,5715,4880,1457,1.0703469872026579,85.38932633420822,25.494313210848645
33,Jammu and Kashmir,2330,3181,416,729,1062,81,0,0,0,3241,4173,400,6300,8416,897,1.1799100646328513,133.5873015873016,14.238095238095239
34,Ladakh,141,209,38,111,27,13,0,0,0,37,74,8,289,310,59,0.05412603312363397,107.26643598615917,20.415224913494807
35,Lakshadweep,0,0,0,0,0,0,0,0,0,1,1,0,1,1,0,0.00018728731184648433,100.0,0.0
36,Puducherry,497,502,71,135,140,23,0,0,0,676,936,55,1308,1578,149,0.2449718038952015,120.64220183486239,11.391437308868502
37,Agra,158,33,137,84,40,77,43,3,39,268,81,238,553,157,491,0.10356988345110583,28.390596745027125,88.78842676311031
38,Ahmedabad,174,142,102,0,0,0,4,0,4,1589,1205,429,1767,1347,535,0.33093668003273785,76.23089983022071,30.277306168647428
39,Amritsar,15,14,16,0,0,0,0,0,0,132,59,94,147,73,110,0.0275312348414332,49.65986394557823,74.82993197278913
40,Asansol,150,99,158,63,30,35,0,0,0,188,44,146,401,173,339,0.07510221205044022,43.14214463840399,84.53865336658353
41,Aurangabad,55,20,37,74,44,40,0,0,0,431,338,144,560,402,221,0.10488089463403123,71.78571428571429,39.464285714285715
42,Bengaluru,655,556,163,307,222,67,0,0,0,4018,3384,685,4980,4162,915,0.9326908129954921,83.57429718875503,18.373493975903614
43,Bhopal,80,73,11,325,340,28,0,0,0,2501,1783,157,2906,2196,196,0.5442569282258835,75.5677907777013,6.744666207845835
44,Chandigarh (City),11,5,4,0,0,0,0,0,0,171,166,63,182,171,67,0.03408629075606015,93.95604395604396,36.81318681318682
45,Chennai,53,60,10,23,23,4,0,0,0,3577,3875,489,3653,3958,503,0.6841605501752073,108.34930194360798,13.769504516835479
46,Coimbatore,357,319,95,377,305,104,0,0,0,427,369,106,1161,993,305,0.2174405690537683,85.52971576227391,26.270456503014643
47,Delhi (City),712,633,231,364,272,105,13,4,9,4626,3971,1112,5715,4880,1457,1.0703469872026579,85.38932633420822,25.494313210848645
48,Dhanbad,116,53,70,40,11,34,0,0,0,39,6,22,195,70,126,0.036521025810064445,35.8974358974359,64.61538461538461
49,Durg Bhilainagar,232,140,51,48,39,7,0,0,0,507,470,79,787,649,137,0.14739511442318318,82.46505717916138,17.407878017789074
50,Faridabad,148,100,81,0,0,0,14,16,10,474,369,216,636,485,307,0.11911473033436404,76.25786163522012,48.270440251572325
51,Ghaziabad,321,242,130,109,97,32,102,61,33,361,261,173,893,661,368,0.1672475694789105,74.02015677491602,41.2094064949608
52,Gwalior,642,585,100,0,0,0,0,0,0,588,553,70,1230,1138,170,0.23036339357117575,92.52032520325203,13.821138211382115
53,Hyderabad,405,344,59,120,113,22,0,0,0,2418,2139,254,2943,2596,335,0.5511865587642034,88.20931022765886,11.382942575603126
54,Indore,357,257,56,408,332,37,0,0,0,2801,2179,202,3566,2768,295,0.6678665540445631,77.6219854178351,8.272574312955692
55,Jabalpur,397,432,72,385,452,23,0,0,0,1537,1722,173,2319,2606,268,0.43431927617199717,112.37602414833981,11.556705476498491
56,Jaipur,686,496,277,119,105,42,29,15,21,2080,1717,508,2914,2333,848,0.5457552267206554,80.0617707618394,29.10089224433768
57,Jamshedpur,0,0,0,63,44,29,0,0,0,92,90,43,155,134,72,0.029029533336205074,86.45161290322581,46.45161290322581
58,Jodhpur,230,220,99,93,90,30,0,0,0,363,263,128,686,573,257,0.12847909592668827,83.52769679300292,37.46355685131195
59,Kannur,278,388,24,353,465,32,0,0,0,900,1165,61,1531,2018,117,0.2867368744369675,131.8092749836708,7.642064010450686
60,Kanpur,790,443,330,350,183,157,88,46,63,395,313,88,1623,985,638,0.3039673071268441,60.69008009858287,39.30991990141713
61,Kochi,685,1051,49,356,387,33,0,0,0,1544,1350,95,2585,2788,177,0.48413770112316196,107.85299806576403,6.847195357833656
62,Kolkata,13,0,15,25,30,6,0,0,0,1091,895,183,1129,925,204,0.2114473750746808,81.93091231178033,18.06908768821966
63,Kollam,832,936,97,4,5,1,0,0,0,1260,1377,113,2096,2318,211,0.39255420563023113,110.59160305343512,10.06679389312977
64,Kota,52,67,19,11,29,1,0,0,0,529,546,94,592,642,114,0.11087408861311873,108.44594594594594,19.256756756756758
65,Kozhikode,529,609,54,499,566,40,0,0,0,998,1090,78,2026,2265,172,0.37944409380097727,111.79664363277394,8.489634748272458
66,Lucknow,419,245,224,497,144,20,36,20,87,248,375,168,1200,784,499,0.22474477421578118,65.33333333333333,41.583333333333336
67,Ludhiana,158,64,129,38,12,34,0,0,0,308,133,239,504,209,402,0.0943928051706281,41.46825396825397,79.76190476190477
68,Madurai,81,52,44,440,343,146,0,0,0,247,188,74,768,583,264,0.14383665549809996,75.91145833333334,34.375
69,Malappuram,245,317,27,293,363,37,0,0,0,417,514,43,955,1194,107,0.17885938281339253,125.0261780104712,11.204188481675391
70,Meerut,247,226,90,0,0,0,57,47,28,168,131,56,472,404,174,0.0883996111915406,85.59322033898306,36.86440677966102
71,Mumbai,0,0,0,0,0,0,0,0,0,414,1924,414,414,1924,414,0.07753694710444452,464.7342995169082,100.0
72,Nagpur,296,151,89,22,5,1,0,0,0,895,1055,218,1213,1211,308,0.2271795092697855,99.83511953833471,25.39159109645507
73,Nasik,0,0,0,26,12,26,0,0,0,235,138,235,261,150,261,0.04888198839193242,57.47126436781609,100.0
74,Patna,137,79,92,88,41,55,0,0,0,97,46,53,322,166,200,0.06030651441456795,51.5527950310559,62.11180124223602
75,Prayagraj,0,0,0,472,347,222,389,243,175,436,275,185,1297,865,582,0.24291164346489016,66.69236700077101,44.872783346183496
76,Pune,59,11,63,124,55,86,0,0,0,319,119,244,502,185,393,0.09401823054693513,36.852589641434264,78.28685258964143
77,Raipur,354,146,65,132,93,22,0,0,0,591,424,71,1077,663,158,0.20170843485866363,61.55988857938719,14.670380687093779
78,Rajkot,103,61,62,83,73,37,0,0,0,308,246,79,494,380,178,0.09251993205216326,76.92307692307693,36.032388663967616
79,Ranchi,0,0,0,0,0,0,0,0,0,263,192,117,263,192,117,0.04925656301562538,73.00380228136882,44.48669201520912
80,Srinagar,98,158,24,0,0,0,0,0,0,378,333,31,476,491,55,0.08914876043892654,103.15126050420169,11.554621848739496
81,Surat,41,18,29,78,47,39,0,0,0,531,396,241,650,461,309,0.1217367527002148,70.92307692307692,47.53846153846154
82,Thiruvananthapuram,420,563,45,480,603,33,0,0,0,1206,1160,59,2106,2326,137,0.394427078748696,110.44634377967711,6.505223171889838
83,Thrissur,302,380,54,856,1030,89,0,0,0,1286,1619,88,2444,3029,231,0.4577301901528077,123.93617021276594,9.451718494271685
84,Tiruchirappalli,290,337,81,78,77,19,0,0,0,251,238,65,619,652,165,0.11593084603297381,105.33117932148627,26.65589660743134
85,Vadodara,146,73,85,0,0,0,0,0,0,420,331,114,566,404,199,0.10600461850511014,71.37809187279152,35.159010600706715
86,Varanasi,89,79,96,49,56,36,0,0,0,58,23,91,196,158,223,0.03670831312191093,80.61224489795919,113.77551020408163
87,Vasai Virar,112,45,82,25,12,14,0,0,0,228,189,58,365,246,154,0.06835986882396679,67.3972602739726,42.19178082191781
88,Vijayawada,675,584,198,165,161,55,0,0,0,682,671,120,1522,1416,373,0.2850512886303491,93.03547963206307,24.507227332457294
89,Vishakhapatnam,477,440,132,41,35,9,0,0,0,775,747,181,1293,1222,322,0.24216249421750427,94.50889404485692,24.903325599381283
