Geography Type,Geography,0000-0300 (Night),0300-0600 (Night),0600-0900 (Day),0900-1200 (Day),1200-1500 (Day),1500-1800 (Day),1800-2100 (Night),2100-2400 (Night),Total,Day Accidents,Night Accidents,Day Accident Share (%),Night Accident Share (%),Peak Time Period,Peak Time Accidents
State/UT,ANDHRA PRADESH,991,1143,2256,2704,3058,3403,4255,2139,19949,11421,8528,57.25099002456263,42.74900997543736,1800-2100 (Night),4255
State/UT,ARUNACHAL PRADESH,18,13,23,22,36,55,46,20,233,136,97,58.36909871244635,41.63090128755365,1500-1800 (Day),55
State/UT,ASSAM,346,389,889,1025,1051,1327,1294,1100,7421,4292,3129,57.835871176391315,42.16412882360868,1500-1800 (Day),1327
State/UT,BIHAR,701,937,1674,1606,1525,1818,1803,950,11014,6623,4391,60.13255856183039,39.86744143816961,1500-1800 (Day),1818
State/UT,CHHATTISGARH,464,406,1067,1990,2211,2534,3279,1518,13469,7802,5667,57.925606949290966,42.074393050709034,1800-2100 (Night),3279
State/UT,GOA,213,152,255,426,428,482,542,349,2847,1591,1256,55.88338602037231,44.11661397962768,1800-2100 (Night),542
State/UT,GUJARAT,910,700,1597,2373,2527,2719,3505,2018,16349,9216,7133,56.37042020918711,43.6295797908129,1800-2100 (Night),3505
State/UT,HARYANA,943,953,1243,1529,1447,1534,2007,1427,11083,5753,5330,51.90832807001714,48.09167192998285,1800-2100 (Night),2007
State/UT,HIMACHAL PRADESH,133,82,182,273,321,430,511,323,2255,1206,1049,53.48115299334811,46.51884700665189,1800-2100 (Night),511
State/UT,JHARKHAND,304,314,617,700,824,982,1111,464,5316,3123,2193,58.747178329571106,41.252821670428894,1800-2100 (Night),1111
State/UT,KARNATAKA,2312,2370,4005,5908,6706,7545,9265,5328,43439,24164,19275,55.62743157070835,44.37256842929165,1800-2100 (Night),9265
State/UT,KERALA,1103,1495,5411,8282,7063,8937,9542,4148,45981,29693,16288,64.57667297361954,35.42332702638046,1800-2100 (Night),9542
State/UT,MADHYA PRADESH,3330,2714,4468,7476,9217,10227,10613,6718,54763,31388,23375,57.316071069882945,42.68392893011705,1800-2100 (Night),10613
State/UT,MAHARASHTRA,2065,2000,3005,4288,4612,4892,6368,4117,31347,16797,14550,53.58407503110345,46.41592496889654,1800-2100 (Night),6368
State/UT,MANIPUR,12,5,27,50,58,90,113,43,398,225,173,56.53266331658291,43.46733668341709,1800-2100 (Night),113
State/UT,MEGHALAYA,11,10,20,39,32,48,46,26,232,139,93,59.91379310344828,40.08620689655172,1500-1800 (Day),48
State/UT,MIZORAM,4,3,4,6,4,12,9,5,47,26,21,55.319148936170215,44.680851063829785,1500-1800 (Day),12
State/UT,NAGALAND,2,5,3,5,5,6,4,5,35,19,16,54.285714285714285,45.714285714285715,1500-1800 (Day),6
State/UT,ODISHA,735,916,1391,1773,1782,2054,2162,1176,11989,7000,4989,58.38685461673201,41.613145383268,1800-2100 (Night),2162
State/UT,PUNJAB,337,382,651,857,780,921,1461,887,6276,3209,3067,51.131293817718294,48.868706182281706,1800-2100 (Night),1461
State/UT,RAJASTHAN,980,1195,2605,3503,3947,4764,5229,2638,24861,14819,10042,59.60741723985359,40.39258276014641,1800-2100 (Night),5229
State/UT,SIKKIM,9,9,15,28,31,34,28,20,174,108,66,62.06896551724138,37.93103448275862,1500-1800 (Day),34
State/UT,TAMIL NADU,1700,2792,7535,9629,9770,11723,17159,6905,67213,38657,28556,57.51417136565843,42.48582863434157,1800-2100 (Night),17159
State/UT,TELANGANA,1668,1296,2129,2930,3437,4198,4577,2668,22903,12694,10209,55.42505348644282,44.57494651355717,1800-2100 (Night),4577
State/UT,TRIPURA,22,12,40,98,101,123,114,67,577,362,215,62.738301559792035,37.26169844020797,1500-1800 (Day),123
State/UT,UTTAR PRADESH,3592,3767,4309,4222,4521,5374,6864,5115,37764,18426,19338,48.792500794407374,51.20749920559263,1800-2100 (Night),6864
State/UT,UTTARAKHAND,142,108,235,223,196,249,320,218,1691,903,788,53.40035481963336,46.59964518036664,1800-2100 (Night),320
State/UT,WEST BENGAL,1016,989,1245,1414,1502,1432,1506,1296,10400,5593,4807,53.778846153846146,46.22115384615385,1800-2100 (Night),1506
State/UT,A & N ISLANDS,0,1,1,4,8,1,6,4,25,14,11,56.00000000000001,44.0,1200-1500 (Day),8
State/UT,CHANDIGARH,18,8,17,25,25,27,34,28,182,94,88,51.64835164835166,48.35164835164835,1800-2100 (Night),34
State/UT,DELHI (UT),618,555,652,737,621,840,839,853,5715,2850,2865,49.86876640419948,50.13123359580053,2100-2400 (Night),853
State/UT,JAMMU & KASHMIR,223,252,611,1141,1255,1370,1004,444,6300,4377,1923,69.47619047619048,30.523809523809526,1500-1800 (Day),1370
State/UT,LADAKH,0,1,21,60,90,79,27,11,289,250,39,86.50519031141869,13.494809688581316,1200-1500 (Day),90
State/UT,LAKSHADWEEP,0,0,0,0,0,0,0,1,1,0,1,0.0,100.0,2100-2400 (Night),1
State/UT,PUDUCHERRY,39,42,157,188,190,215,295,182,1308,750,558,57.3394495412844,42.6605504587156,1800-2100 (Night),295
State/UT,D & N HAVELI AND DAMAN & DIU,8,4,16,16,16,37,46,40,183,85,98,46.44808743169399,53.551912568306015,1800-2100 (Night),46
City,AGRA,56,72,72,53,54,65,116,65,553,244,309,44.12296564195298,55.87703435804702,1800-2100 (Night),116
City,AHMEDABAD,90,53,159,299,255,247,370,294,1767,960,807,54.32937181663837,45.67062818336163,1800-2100 (Night),370
City,AMRITSAR,12,10,17,19,9,25,26,29,147,70,77,47.61904761904761,52.38095238095239,2100-2400 (Night),29
City,ASANSOL,52,43,29,52,43,47,66,69,401,171,230,42.643391521197,57.356608478803,2100-2400 (Night),69
City,AURANGABAD,51,34,50,65,78,79,113,90,560,272,288,48.57142857142857,51.42857142857142,1800-2100 (Night),113
City,BENGALURU,383,270,591,751,725,738,810,712,4980,2805,2175,56.325301204819276,43.674698795180724,1800-2100 (Night),810
City,BHOPAL,291,56,201,290,394,555,506,613,2906,1440,1466,49.552649690295944,50.44735030970406,2100-2400 (Night),613
City,CHANDIGARH (CITY),18,8,17,25,25,27,34,28,182,94,88,51.64835164835166,48.35164835164835,1800-2100 (Night),34
City,CHENNAI,110,249,400,586,733,469,530,576,3653,2188,1465,59.89597591021079,40.10402408978921,1200-1500 (Day),733
City,COIMBATORE,44,42,174,179,156,155,223,188,1161,664,497,57.19207579672696,42.80792420327304,1800-2100 (Night),223
City,DELHI (CITY),618,555,652,737,621,840,839,853,5715,2850,2865,49.86876640419948,50.13123359580053,2100-2400 (Night),853
City,DHANBAD,17,13,21,25,26,39,29,25,195,111,84,56.92307692307692,43.07692307692308,1500-1800 (Day),39
City,DURG BHILAINAGAR,35,16,54,115,142,132,164,129,787,443,344,56.289707750952985,43.710292249047015,1800-2100 (Night),164
City,FARIDABAD,81,100,124,102,49,42,51,87,636,317,319,49.84276729559748,50.157232704402524,0600-0900 (Day),124
City,GHAZIABAD,110,116,109,106,118,101,106,127,893,434,459,48.600223964165735,51.399776035834265,2100-2400 (Night),127
City,GWALIOR,70,46,79,169,236,238,236,156,1230,722,508,58.69918699186992,41.300813008130085,1500-1800 (Day),238
City,HYDERABAD,271,200,348,413,435,427,474,375,2943,1623,1320,55.14780835881753,44.852191641182465,1800-2100 (Night),474
City,INDORE,211,95,249,572,633,647,658,501,3566,2101,1465,58.91755468311835,41.08244531688166,1800-2100 (Night),658
City,JABALPUR,267,315,348,359,440,314,161,115,2319,1461,858,63.0012936610608,36.99870633893919,1200-1500 (Day),440
City,JAIPUR,145,94,336,471,458,487,558,365,2914,1752,1162,60.12354152367879,39.87645847632121,1800-2100 (Night),558
City,JAMSHEDPUR,8,21,27,28,25,20,18,8,155,100,55,64.51612903225806,35.483870967741936,0900-1200 (Day),28
City,JODHPUR,39,51,68,84,92,160,105,87,686,404,282,58.89212827988338,41.10787172011662,1500-1800 (Day),160
City,KANNUR,26,32,157,286,248,295,332,155,1531,986,545,64.4023514043109,35.597648595689094,1800-2100 (Night),332
City,KANPUR,335,118,98,107,234,220,205,306,1623,659,964,40.603820086260015,59.396179913739985,0000-0300 (Night),335
City,KOCHI,88,101,341,445,252,518,526,314,2585,1556,1029,60.193423597678915,39.806576402321085,1800-2100 (Night),526
City,KOLKATA,181,159,116,115,150,117,114,177,1129,498,631,44.10983170947741,55.89016829052259,0000-0300 (Night),181
City,KOLLAM,60,55,238,351,327,377,439,249,2096,1293,803,61.68893129770993,38.31106870229007,1800-2100 (Night),439
City,KOTA,12,11,43,83,107,116,118,102,592,349,243,58.952702702702695,41.0472972972973,1800-2100 (Night),118
City,KOZHIKODE,42,43,233,385,316,384,395,228,2026,1318,708,65.0542941757157,34.9457058242843,1800-2100 (Night),395
City,LUCKNOW,175,103,155,114,135,128,202,188,1200,532,668,44.333333333333336,55.666666666666664,1800-2100 (Night),202
City,LUDHIANA,30,21,54,63,64,64,121,87,504,245,259,48.61111111111111,51.388888888888886,1800-2100 (Night),121
City,MADURAI,33,34,78,125,120,129,168,81,768,452,316,58.854166666666664,41.14583333333333,1800-2100 (Night),168
City,MALAPPURAM,26,30,102,199,170,190,168,70,955,661,294,69.21465968586388,30.78534031413613,0900-1200 (Day),199
City,MEERUT,34,24,39,62,67,78,92,76,472,246,226,52.118644067796616,47.88135593220339,1800-2100 (Night),92
City,MUMBAI,54,52,36,56,65,43,52,56,414,200,214,48.309178743961354,51.690821256038646,1200-1500 (Day),65
City,NASIK,31,28,33,35,29,27,41,37,261,124,137,47.509578544061306,52.490421455938694,1800-2100 (Night),41
City,PATNA,19,30,47,39,33,49,43,62,322,168,154,52.17391304347826,47.82608695652174,2100-2400 (Night),62
City,PRAYAGRAJ,87,172,155,158,144,156,226,199,1297,613,684,47.26291441788743,52.73708558211256,1800-2100 (Night),226
City,PUNE,56,47,48,66,67,79,69,70,502,260,242,51.79282868525896,48.20717131474104,1500-1800 (Day),79
City,RAIPUR,71,21,60,150,202,176,203,194,1077,588,489,54.59610027855153,45.40389972144847,1800-2100 (Night),203
City,RAJKOT,25,21,42,70,88,72,117,59,494,272,222,55.06072874493927,44.93927125506073,1800-2100 (Night),117
City,RANCHI,12,23,26,41,42,47,43,29,263,156,107,59.31558935361216,40.68441064638783,1500-1800 (Day),47
City,SRINAGAR,0,0,2,180,190,71,24,9,476,443,33,93.0672268907563,6.932773109243698,1200-1500 (Day),190
City,SURAT,27,18,79,94,88,122,131,91,650,383,267,58.92307692307692,41.07692307692308,1800-2100 (Night),131
City,THIRUVANANTHAPURAM,54,73,255,410,321,377,403,213,2106,1363,743,64.71984805318138,35.28015194681861,0900-1200 (Day),410
City,THRISSUR,63,80,324,415,343,432,559,228,2444,1514,930,61.94762684124386,38.05237315875614,1800-2100 (Night),559
City,TIRUCHIRAPPALLI,28,29,71,93,92,102,125,79,619,358,261,57.83521809369952,42.16478190630048,1800-2100 (Night),125
City,VADODARA,44,28,43,101,78,83,106,83,566,305,261,53.88692579505301,46.113074204947,1800-2100 (Night),106
City,VARANASI,21,25,27,23,27,23,23,27,196,100,96,51.02040816326531,48.97959183673469,0600-0900 (Day),27
City,VASAI VIRAR,30,24,45,53,58,36,66,53,365,192,173,52.602739726027394,47.397260273972606,1800-2100 (Night),66
City,VIJAYAWADA,86,74,159,218,236,228,295,226,1522,841,681,55.25624178712221,44.74375821287779,1800-2100 (Night),295
City,VISHAKHAPATNAM,61,56,179,190,194,216,245,152,1293,779,514,60.24748646558391,39.75251353441608,1800-2100 (Night),245
City,NAGPUR,93,40,109,195,195,160,202,219,1213,659,554,54.32811211871393,45.67188788128607,2100-2400 (Night),219
